locale,created at,employer
"
              Lanzhou, China
            ","
            12 days ago
          ","
            Lanzhou University of Technology
          "
"
              Kumamoto, Japan
            ","
            12 days ago
          ","
            International Research Center for Medical Sciences, Kumamoto University
          "
"
              Jinan, China
            ","
            18 days ago
          ","
            Cheeloo College of Medicine (CCOM), Shandong University
          "
"
              Jena, Germany
            ","
            13 days ago
          ","
            Friedrich-Schiller-Universitat Jena
          "
"
              Taiwan, Taiwan
            ","
            12 days ago
          ","
            Academia Sinica
          "
"
              Shenyang, China
            ","
            12 days ago
          ","
            China Medical University (CMU)
          "
"
              Shenzhen, China
            ","
            18 days ago
          ","
            Shenzhen Second People’s Hospital
          "
"
              Shanghai, China
            ","
            12 days ago
          ","
            Shanghai Institute of Biochemistry and Cell Biology, Chinese Academy of Sciences
          "
"
              Beijing, China
            ","
            12 days ago
          ","
            Beijing University of Chemical Technology
          "
"
              Xi’an, China
            ","
            14 days ago
          ","
            Xi'an Jiaotong University (XJTU)
          "
"
              Jena, Germany
            ","
            13 days ago
          ","
            Friedrich-Schiller-Universitat Jena
          "
"
              Ulm, Germany
            ","
            13 days ago
          ","
            Ulm University
          "
"
              Beijing, China
            ","
            12 days ago
          ","
            The Institute of Basic Medical Sciences (IBMS) 
          "
"
              Beijing, China
            ","
            25 days ago
          ","
            Peking University (PKU)
          "
"
              Gainesville, United States
            ","
            29 days ago
          ","
            University of Florida Health Cancer Center
          "
employer,locale,created at
"
  ","
              Jena, Germany
            ","
            about 1 month ago
          "
"
  ","
              London, United Kingdom
            ","
            6 days ago
          "
"
","
              ST. AUGUSTINE, United States
            ","
            about 1 month ago
          "
"
            Friedrich-Schiller-Universitat Jena
          ","
              Brisbane, Australia
            ","
            about 2 hours ago
          "
"
            Imperial College London
          ","
              los angeles, United States
            ","
            about 3 hours ago
          "
"
            University of Florida
          ","
              Purchase, United States
            ","
            about 5 hours ago
          "
"
            The University of Queensland - Institute for Molecular Bioscience
          ","
              Norwalk, United States
            ","
            about 6 hours ago
          "
"
            University of Southern California
          ","
              East Lansing, United States
            ","
            about 7 hours ago
          "
"
            WESTMED Medical Group
          ","
              Boston, United States
            ","
            about 7 hours ago
          "
"
            Michigan State University
          ","
              Boone, United States
            ","
            about 8 hours ago
          "
"
            The Brigham and Women's Hospital 
          ","
              Lausanne, Switzerland
            ","
            about 9 hours ago
          "
"
            Appalachian State University
          ","
              Lancaster, United Kingdom
            ","
            about 10 hours ago
          "
"
            Nestlé Research Center (NRC)
          ","
              Winston-Salem, United States
            ","
            about 10 hours ago
          "
"
            Lancaster University
          ","
              Baltimore, United States
            ","
            about 11 hours ago
          "
"
            Wake Forest Baptist Comprehensive Cancer Center
          ","
              Prague, Czech Republic
            ","
            about 11 hours ago
          "
"
            University of Maryland Baltimore
          ","
              Baltimore, United States
            ","
            about 11 hours ago
          "
"
            Institute of Organic Chemistry and Biochemistry of the Czech Academy of Sciences (IOCB Prague)
          ","
              Dresden, Germany
            ","
            about 11 hours ago
          "
"
            Johns Hopkins University
          ","
              Didcot, Oxfordshire, United Kingdom
            ","
            about 12 hours ago
          "
"
            Leibniz-Institut für Polymerforschung Dresden e. V.
          ","
              Salzburg, Austria
            ","
            about 13 hours ago
          "
"
            Diamond Light Source Ltd
          ","
              Heidelberg, Germany
            ","
            about 15 hours ago
          "
"
            Department Biosciences University of Salzburg
          ","
              Bad Nauheim, Germany
            ","
            about 14 hours ago
          "
"
            German Cancer Research Center (DKFZ).
          ","
              Marburg, Germany
            ","
            about 15 hours ago
          "
"
            International Max Planck Research School for Heart and Lung Research (IMPRS-HLR)
          ","
              Didcot, Oxfordshire, United Kingdom
            ","
            about 15 hours ago
          "
"
  ","
              Jena, Germany
            ","
            about 1 month ago
          "
"
  ","
              Beijing, China
            ","
            12 days ago
          "
"
","
              Sutton, United Kingdom
            ","
            about 1 month ago
          "
"
            Friedrich-Schiller-Universitat Jena
          ","
              Bristol, United Kingdom
            ","
            about 16 hours ago
          "
"
            Beijing University of Chemical Technology
          ","
              Bristol, United Kingdom
            ","
            about 16 hours ago
          "
"
            Institute of Cancer Research (ICR)
          ","
              Bristol, United Kingdom
            ","
            about 16 hours ago
          "
"
            University of Bristol
          ","
              Bristol, United Kingdom
            ","
            about 16 hours ago
          "
"
            University of Bristol
          ","
              Norwich, United Kingdom
            ","
            about 16 hours ago
          "
"
            University of Bristol
          ","
              Norwich, United Kingdom
            ","
            about 16 hours ago
          "
"
            University of Bristol
          ","
              Brussels, Belgium
            ","
            about 17 hours ago
          "
"
            The Earlham Institute
          ","
              Heidelberg
            ","
            about 17 hours ago
          "
"
            The Earlham Institute
          ","
              Rome, Italy
            ","
            about 17 hours ago
          "
"
            Université catholique de Louvain (UCL)
          ","
              Hinxton, Cambridge, United Kingdom
            ","
            about 17 hours ago
          "
"
            European Molecular Biology Laboratory (EMBL)
          ","
              Grenoble, France
            ","
            about 17 hours ago
          "
"
            European Molecular Biology Laboratory (EMBL)
          ","
              Hinxton, Cambridge, United Kingdom
            ","
            about 17 hours ago
          "
"
            European Molecular Biology Laboratory (EMBL) - EBI
          ","
              Hinxton, Cambridge, United Kingdom
            ","
            about 17 hours ago
          "
"
            European Molecular Biology Laboratory (EMBL)
          ","
              Heidelberg
            ","
            about 17 hours ago
          "
"
            European Molecular Biology Laboratory (EMBL) - EBI
          ","
              Hamburg, Germany
            ","
            about 17 hours ago
          "
"
            European Molecular Biology Laboratory (EMBL) - EBI
          ","
              Grenoble, France
            ","
            about 17 hours ago
          "
"
            European Molecular Biology Laboratory (EMBL)
          ","
              Heidelberg
            ","
            about 17 hours ago
          "
"
            European Molecular Biology Laboratory (EMBL)
          ","
              Heidelberg
            ","
            about 17 hours ago
          "
"
            European Molecular Biology Laboratory (EMBL)
          ","
              Hinxton, Cambridge, United Kingdom
            ","
            about 17 hours ago
          "
"
            European Molecular Biology Laboratory (EMBL)
          ","
              Hinxton, Cambridge, United Kingdom
            ","
            about 17 hours ago
          "
"
  ","
              London, United Kingdom
            ","
            15 days ago
          "
"
  ","
              New York, United States
            ","
            about 1 month ago
          "
"
","
              New York, United States
            ","
            11 days ago
          "
"
            Springer Nature
          ","
              Brisbane, Australia
            ","
            about 2 hours ago
          "
"
            Columbia University Medical Center - Department of Obstetrics and Gynecology
          ","
              los angeles, United States
            ","
            about 3 hours ago
          "
"
            Columbia University Medical Center
          ","
              Purchase, United States
            ","
            about 5 hours ago
          "
"
            The University of Queensland - Institute for Molecular Bioscience
          ","
              Norwalk, United States
            ","
            about 6 hours ago
          "
"
            University of Southern California
          ","
              East Lansing, United States
            ","
            about 7 hours ago
          "
"
            WESTMED Medical Group
          ","
              Boston, United States
            ","
            about 7 hours ago
          "
"
            Michigan State University
          ","
              Boone, United States
            ","
            about 8 hours ago
          "
"
            The Brigham and Women's Hospital 
          ","
              Lausanne, Switzerland
            ","
            about 9 hours ago
          "
"
            Appalachian State University
          ","
              Lancaster, United Kingdom
            ","
            about 10 hours ago
          "
"
            Nestlé Research Center (NRC)
          ","
              Winston-Salem, United States
            ","
            about 10 hours ago
          "
"
            Lancaster University
          ","
              Baltimore, United States
            ","
            about 11 hours ago
          "
"
            Wake Forest Baptist Comprehensive Cancer Center
          ","
              Prague, Czech Republic
            ","
            about 11 hours ago
          "
"
            University of Maryland Baltimore
          ","
              Baltimore, United States
            ","
            about 11 hours ago
          "
"
            Institute of Organic Chemistry and Biochemistry of the Czech Academy of Sciences (IOCB Prague)
          ","
              Dresden, Germany
            ","
            about 11 hours ago
          "
"
            Johns Hopkins University
          ","
              Didcot, Oxfordshire, United Kingdom
            ","
            about 12 hours ago
          "
"
            Leibniz-Institut für Polymerforschung Dresden e. V.
          ","
              Salzburg, Austria
            ","
            about 13 hours ago
          "
"
            Diamond Light Source Ltd
          ","
              Heidelberg, Germany
            ","
            about 15 hours ago
          "
"
            Department Biosciences University of Salzburg
          ","
              Bad Nauheim, Germany
            ","
            about 14 hours ago
          "
"
            German Cancer Research Center (DKFZ).
          ","
              Marburg, Germany
            ","
            about 15 hours ago
          "
"
            International Max Planck Research School for Heart and Lung Research (IMPRS-HLR)
          ","
              Didcot, Oxfordshire, United Kingdom
            ","
            about 15 hours ago
          "
