title,vote,created at,comments
[TV] Game of Thrones S8 airs in 2019 with six episodes,31.5k,Tue Mar 2 22:52:12 2010 UTC,3048 comments
[Main Spoilers] Weekly Rewatch | Season 2 Episode 10: Valar Morghulis,15,Thu Jan 4 19:05:55 2018 UTC,14 comments
[NO SPOILERS] Made these beer glasses via tape image-transfer of the Great Houses. Came out pretty cool!,3678,Sun Jan 21 17:00:42 2018 UTC,61 comments
[NO SPOILERS] Ultra-Res. timeworn world map - Released in partnership with u/lane_cruiser!,460,Sun Jan 21 19:14:16 2018 UTC,28 comments
[No Spoilers] My Cersei Lannister cosplay plus Iron Throne wheelchair,17.5k,Sun Jan 21 18:03:19 2018 UTC,339 comments
[NO SPOILERS] Got a start on my leg sleeve yesterday. If anyone is interested I’ll post updates as the tattoo progresses,113,Sun Jan 21 00:54:01 2018 UTC,8 comments
"[NO SPOILERS] Mereen spaceport 2049, concept art by Leon Tukker",69,Sun Jan 21 20:18:20 2018 UTC,8 comments
[MAIN SPOILERS] Our Game of Thrones Themed Wedding,20,Sun Jan 21 17:37:47 2018 UTC,12 comments
[NO SPOILERS]Kristofer Hivju about Gwendoline Christie and The Sandwich,37,Sun Jan 21 22:48:26 2018 UTC,4 comments
[S4] Why was the Faceless Man captured if he was that good?,9,Sun Jan 21 16:53:40 2018 UTC,10 comments
"[EVERYTHING] A follow up to my last post; GRRM chooses for Sandor to use the same curse word as before, this time specifically to describe Robb, to end the chapter immediately before the Red Wedding",27,Mon Jan 22 00:25:51 2018 UTC,6 comments
"[NO SPOILERS]Just binge watched the entire show in less than a month. Best series I’ve ever seen hands down. I’m depressed it’s over now, I’m afraid I’ll never watch something as amazing as GoT and I’m so sad it’s over. Any suggestions?",2609,Sun Jan 21 14:24:29 2018 UTC,958 comments
[EVERYTHING] Strategies and tactics for defeating the army of the dead,5,Sat Jan 20 14:23:00 2018 UTC,6 comments
[EVERYTHING] Maisie Williams Talks About Growing Up With ‘Game Of Thrones’,18,Mon Jan 22 00:03:55 2018 UTC,2 comments
[EVERYTHING] Who would you want to fight for you in a trial by combat? Why not Arya?,16,Sun Jan 21 15:10:40 2018 UTC,50 comments
"[NO SPOILERS] I visited the ice hotel in Lapland with work back in December, it was GoT themed! Thought this sub would like this pic of the ice sculpted Iron Throne!",181,Sun Jan 21 14:09:42 2018 UTC,18 comments
[EVERYTHING] Craster's wives.,6,last edited 14 hours ago,6 comments
[Main Spoilers] A Game of Fish?,6,Sun Jan 21 00:25:43 2018 UTC,2 comments
[EVERYTHING] Game of Thrones question,5,Sun Jan 21 18:37:26 2018 UTC,6 comments
[NO SPOILERS] The Night King,4,Sun Jan 21 19:53:13 2018 UTC,1 comment
[Everything] How do you think Robert beat Rhaegar in single combat at the trident?,1,Sun Jan 21 18:38:07 2018 UTC,14 comments
[NO SPOILERS] Game of Thrones MBTI placements,34,Sun Jan 21 15:51:35 2018 UTC,21 comments
[EVERYTHING] Lannister Tribute,2,Mon Jan 22 00:10:38 2018 UTC,2 comments
[Main Spoilers] One of the Best Scenes in Game of Thrones,24,Sun Jan 21 03:57:32 2018 UTC,10 comments
[NO SPOILERS] Love the symbolism in this.,415,Sun Jan 21 15:01:23 2018 UTC,21 comments
[NO SPOILERS] Just thought this poster from S3 was cool,12.9k,Sun Jan 21 05:06:04 2018 UTC,116 comments
[EVERYTHING] How far would Viserys have gotten in his conquest if he had actually gotten the Dothraki army?,10,Sat Jan 20 11:40:03 2018 UTC,13 comments
